variant,gene_id,tissue,sample,AbSplice_DNA,AbSplice_RNA,delta_psi_cat,FRASER_pval_cat,delta_logit_psi,delta_psi,delta_score,splice_site_is_expressed,ref_psi,median_n,junction,splice_site,event_type,acceptor_gain,acceptor_loss,donor_gain,donor_loss,acceptor_gain_position,acceptor_loss_position,donor_gain_position,donor_loss_position
chr19:38653012:G>C,ENSG00000105738,Brain_Cortex,S2,0.3142413082545248,0.4316809413812463,0.0,3.6989700043360174,-3.580921038756512,-0.2561589410046049,1.0,1,1.0,13.0,chr19:38653011-38655118:+,chr19:38655118:+,psi3,0.0,0.0,0.06,1.0,-10,-1,-30,-1
chr2:231108528:T>A,ENSG00000079263,Brain_Cortex,S3,0.0060103934182011,0.002473079889435,0.0,0.0,0.0,0.0,1.0,0,,,,,,0.0,0.0,0.0,1.0,35,-46,45,-2
chr2:55771100:T>G,ENSG00000163001,Brain_Cortex,S1,0.0645958126898147,0.5462483554892527,0.49,3.6989700043360174,1.186152386196457,0.0220163817005335,0.22,1,0.0029583034907981,297.0,chr2:55762899-55771099:+,chr2:55762899:+,psi5,0.22,0.15,0.0,0.0,0,-26,0,-25
chr2:55771100:T>G,ENSG00000163001,Brain_Cortex,S3,0.0645958126898147,0.0187569227538416,0.0320187237080499,0.0,1.186152386196457,0.0220163817005335,0.22,1,0.0029583034907981,297.0,chr2:55762899-55771099:+,chr2:55762899:+,psi5,0.22,0.15,0.0,0.0,0,-26,0,-25
chr3:101304281:A>C,ENSG00000081154,Brain_Cortex,S2,0.2337359257051539,0.744718733475192,0.4833081827274777,3.6989700043360174,1.4579446500490174,0.0843006879042204,0.38,1,0.0288294723951423,177.0,chr3:101298848-101304283:+,chr3:101298848:+,psi5,0.38,0.0,0.0,0.0,3,0,14,3
