variant,tissue,junction,event_type,splice_site,ref_psi,median_n,gene_id,gene_name,delta_logit_psi,delta_psi
chr2:86352917:G>A,Cells_Cultured_fibroblasts,chr2:86352205-86352917:+,psi5,chr2:86352205:+,0.0038667955598519,96.5,ENSG00000132300,PTCD3,-2.5301569696829427,-0.009196136441582601
chr2:86352917:G>A,Cells_Cultured_fibroblasts,chr2:86352638-86352917:+,psi5,chr2:86352638:+,0.9391088917276352,84.0,ENSG00000132300,PTCD3,-2.5301569696829427,-0.38786759364864
chr2:86352917:G>A,Cells_Cultured_fibroblasts,chr2:86353003-86354283:+,psi3,chr2:86354283:+,0.9209182408646932,65.5,ENSG00000132300,PTCD3,-0.15611244157026186,-0.012142576060792942
chr2:209138460:A>G,Cells_Cultured_fibroblasts,chr2:209138457-209163364:+,psi3,chr2:209163364:+,0.0067877142372306,19.0,ENSG00000115020,PIKFYVE,-1.6319573536768426,-0.008028677166038237
chr2:209138460:A>G,Cells_Cultured_fibroblasts,chr2:209138457-209153452:+,psi3,chr2:209153452:+,0.0091226708074534,16.0,ENSG00000115020,PIKFYVE,-1.6319573536768426,-0.008028677166038237
chr2:209138460:A>G,Cells_Cultured_fibroblasts,chr2:209138457-209150449:+,psi3,chr2:209150449:+,0.1094034378159757,17.0,ENSG00000115020,PIKFYVE,-1.6319573536768426,-0.08594544699344338
chr2:209138460:A>G,Cells_Cultured_fibroblasts,chr2:209138457-209141435:+,psi3,chr2:209141435:+,0.503180522044308,15.0,ENSG00000115020,PIKFYVE,-1.631956995994009,-0.3378700855847305
chr2:209138460:A>G,Cells_Cultured_fibroblasts,chr2:209138457-209138744:+,psi3,chr2:209138744:+,1.0,2.0,ENSG00000115020,PIKFYVE,-1.631956995994009,-0.03911807259862354
chr2:209138460:A>G,Cells_Cultured_fibroblasts,chr2:209138457-209138741:+,psi3,chr2:209138741:+,1.0,4.0,ENSG00000115020,PIKFYVE,-1.631956995994009,-0.03911807259862354
